{"cameraMode":{"drawMode":0,"name":"Shaded","section":"Shading Mode"},"sceneLighting":true,"audioPlay":false,"sceneViewState":{"m_AlwaysRefresh":false,"showFog":true,"showSkybox":true,"showFlares":true,"showImageEffects":true,"showParticleSystems":true,"showVisualEffectGraphs":true,"m_FxEnabled":true},"in2DMode":false,"pivot":{"x":0.933239221572876,"y":0.012093544006347657,"z":1.1660168170928956},"rotation":{"x":0.16368767619132996,"y":-0.5167876482009888,"z":0.10147130489349365,"w":0.834112286567688},"size":7.698873996734619,"orthographic":false}